Resort,Predicted Snowfall (inches)
Winter Park,239.63283556820915
Steamboat,200.5389621290348
Breckenridge,193.04035848338498
Copper Mountain,182.44395848111063
Vail,164.675795784076
